,userId,movieId,tag,timestamp,parsed_time
0,15,339,sandra 'boring' bullock,1138537770,2006-01-29 12:29:30
1,15,1955,dentist,1193435061,2007-10-26 21:44:21
2,15,7478,Cambodia,1170560997,2007-02-04 03:49:57
3,15,32892,Russian,1170626366,2007-02-04 21:59:26
4,15,34162,forgettable,1141391765,2006-03-03 13:16:05
5,15,35957,short,1141391873,2006-03-03 13:17:53
6,15,37729,dull story,1141391806,2006-03-03 13:16:46
7,15,45950,powerpoint,1169616291,2007-01-24 05:24:51
8,15,100365,activist,1425876220,2015-03-09 04:43:40
9,15,100365,documentary,1425876220,2015-03-09 04:43:40
10,15,100365,uganda,1425876220,2015-03-09 04:43:40
11,23,150,Ron Howard,1148672905,2006-05-26 19:48:25
12,68,2174,music,1249808064,2009-08-09 08:54:24
13,68,2174,weird,1249808102,2009-08-09 08:55:02
14,68,8623,Steve Martin,1249808497,2009-08-09 09:01:37
15,73,107999,action,1430799184,2015-05-05 04:13:04
16,73,107999,anime,1430799184,2015-05-05 04:13:04
17,73,107999,kung fu,1430799184,2015-05-05 04:13:04
18,73,111624,drama,1431584497,2015-05-14 06:21:37
19,73,111624,indie,1431584497,2015-05-14 06:21:37
20,73,111624,love,1431584497,2015-05-14 06:21:37
21,73,130682,b movie,1432523704,2015-05-25 03:15:04
22,73,130682,comedt,1432523704,2015-05-25 03:15:04
23,73,130682,horror,1432523704,2015-05-25 03:15:04
24,77,1199,Trilogy of the Imagination,1163220043,2006-11-11 04:40:43
25,77,2968,Gilliam,1163220138,2006-11-11 04:42:18
26,77,2968,Trilogy of the Imagination,1163220039,2006-11-11 04:40:39
27,77,4467,Trilogy of the Imagination,1163220065,2006-11-11 04:41:05
28,77,4911,Gilliam,1163220167,2006-11-11 04:42:47
29,77,5909,Takashi Miike,1163219591,2006-11-11 04:33:11
30,77,47465,Gilliam,1163220186,2006-11-11 04:43:06
31,84,296,intense,1429911417,2015-04-24 21:36:57
32,84,296,r:violence,1429911417,2015-04-24 21:36:57
33,84,296,tarantino,1429911417,2015-04-24 21:36:57
34,91,4388,parody,1448813502,2015-11-29 16:11:42
35,94,1131,emotional,1291781542,2010-12-08 04:12:22
36,94,1131,tragedy,1291781538,2010-12-08 04:12:18
37,94,64957,original plot,1291781246,2010-12-08 04:07:26
38,94,74458,Predictable,1291780920,2010-12-08 04:02:00
39,106,48711,CHRISTIAN,1215923364,2008-07-13 04:29:24
40,132,4189,jesus,1367909949,2013-05-07 06:59:09
41,132,4612,jesus,1367909949,2013-05-07 06:59:09
42,132,6683,bollywood,1367909913,2013-05-07 06:58:33
43,132,6986,jesus,1367909949,2013-05-07 06:59:09
44,132,27255,No progress,1283581045,2010-09-04 06:17:25
45,132,27255,Too slow,1283581045,2010-09-04 06:17:25
46,132,27255,Views,1283581045,2010-09-04 06:17:25
47,138,260,cult classic,1440379022,2015-08-24 01:17:02
48,138,260,Science Fiction,1440379018,2015-08-24 01:16:58
49,138,1258,cult film,1440380361,2015-08-24 01:39:21
50,138,1258,jack nicholson,1440380355,2015-08-24 01:39:15
51,138,1258,psychological,1440380357,2015-08-24 01:39:17
52,138,1258,Stanley Kubrick,1440380352,2015-08-24 01:39:12
53,138,1704,genius,1440380467,2015-08-24 01:41:07
54,138,1704,intellectual,1440380463,2015-08-24 01:41:03
55,138,1704,mathematics,1440380466,2015-08-24 01:41:06
56,138,1704,psychology,1440380470,2015-08-24 01:41:10
57,138,4226,Mindfuck,1440380125,2015-08-24 01:35:25
58,138,4226,nonlinear,1440380113,2015-08-24 01:35:13
59,138,4226,psychology,1440380115,2015-08-24 01:35:15
60,138,4226,twist ending,1440380118,2015-08-24 01:35:18
61,138,4995,genius,1440380440,2015-08-24 01:40:40
62,138,4995,intelligent,1440380446,2015-08-24 01:40:46
63,138,4995,math,1440380438,2015-08-24 01:40:38
64,138,4995,mathematics,1440380436,2015-08-24 01:40:36
65,138,4995,twist ending,1440380448,2015-08-24 01:40:48
66,138,48780,Christopher Nolan,1440380053,2015-08-24 01:34:13
67,138,48780,complicated,1440380062,2015-08-24 01:34:22
68,138,48780,Hugh Jackman,1440380072,2015-08-24 01:34:32
69,138,48780,nonlinear,1440380067,2015-08-24 01:34:27
70,138,48780,psychological,1440380064,2015-08-24 01:34:24
71,138,48780,twist ending,1440380047,2015-08-24 01:34:07
72,138,79132,alternate reality,1440380233,2015-08-24 01:37:13
73,138,79132,Christopher Nolan,1440380255,2015-08-24 01:37:35
74,138,79132,intellectual,1440380251,2015-08-24 01:37:31
75,138,79132,mindfuck,1440380252,2015-08-24 01:37:32
76,138,79132,philosophy,1440380242,2015-08-24 01:37:22
77,138,79132,sci-fi,1440380239,2015-08-24 01:37:19
78,138,79132,twist ending,1440380245,2015-08-24 01:37:25
79,138,109487,artificial intelligence,1440379984,2015-08-24 01:33:04
80,138,109487,Christopher Nolan,1440380001,2015-08-24 01:33:21
81,138,109487,good science,1440379977,2015-08-24 01:32:57
82,138,109487,interesting ideea,1440379991,2015-08-24 01:33:11
83,138,109487,philosophical issues,1440379996,2015-08-24 01:33:16
84,138,109487,physics,1440379925,2015-08-24 01:32:05
85,138,109487,relativity,1440380500,2015-08-24 01:41:40
86,138,109487,sci-fi,1440380008,2015-08-24 01:33:28
87,138,109487,sentimental,1440379993,2015-08-24 01:33:13
88,138,109487,space,1440379974,2015-08-24 01:32:54
89,138,109487,time travel,1440379981,2015-08-24 01:33:01
90,138,109487,time-travel,1440379968,2015-08-24 01:32:48
91,149,121231,eerie,1436920551,2015-07-15 00:35:51
92,149,121231,friendship,1436920551,2015-07-15 00:35:51
93,149,121231,teenagers,1436920551,2015-07-15 00:35:51
94,152,52319,World War II,1335900622,2012-05-01 19:30:22
95,164,608,Quirky,1179031045,2007-05-13 04:37:25
96,176,5445,Tom Cruise,1378384753,2013-09-05 12:39:13
97,176,7458,Brad Pitt,1341055445,2012-06-30 11:24:05
98,176,8972,Nicolas Cage,1341055378,2012-06-30 11:22:58
99,176,69640,Johnny Depp,1340916254,2012-06-28 20:44:14
100,176,104841,sexist,1384107184,2013-11-10 18:13:04
101,179,260,nerdy,1436669973,2015-07-12 02:59:33
102,179,260,Science Fiction,1436669968,2015-07-12 02:59:28
103,187,2082,Emilio Estevez,1233517175,2009-02-01 19:39:35
104,200,260,critically acclaimed,1437932756,2015-07-26 17:45:56
105,200,260,Science Fiction,1437932763,2015-07-26 17:46:03
106,200,80551,strong female presence,1438023607,2015-07-27 19:00:07
107,212,1061,emotional,1253930128,2009-09-26 01:55:28
108,212,1061,revenge,1253930131,2009-09-26 01:55:31
109,212,1061,true story,1253930149,2009-09-26 01:55:49
110,212,1732,cult film,1253929373,2009-09-26 01:42:53
111,212,1732,dark comedy,1253929372,2009-09-26 01:42:52
112,212,1732,satirical,1253929376,2009-09-26 01:42:56
113,212,2359,British,1253930034,2009-09-26 01:53:54
114,212,2641,childish plot,1253930390,2009-09-26 01:59:50
115,212,2641,plot holes,1253930395,2009-09-26 01:59:55
116,212,2641,superhero,1253930399,2009-09-26 01:59:59
117,212,3257,Kevin Costner,1253930539,2009-09-26 02:02:19
118,212,3257,snorefest,1253930543,2009-09-26 02:02:23
119,212,3275,vigilantism,1218405594,2008-08-10 21:59:54
120,212,3300,anti-hero,1253929917,2009-09-26 01:51:57
121,212,3300,Cole Hauser,1253929922,2009-09-26 01:52:02
122,212,3300,Vin Diesel,1253929910,2009-09-26 01:51:50
123,212,3301,Amanda Peet,1253929798,2009-09-26 01:49:58
124,212,3301,Matthew Perry,1253929802,2009-09-26 01:50:02
125,212,3301,Rosanna Arquette,1253929813,2009-09-26 01:50:13
126,212,3809,Bill Murray,1253931205,2009-09-26 02:13:25
127,212,3809,quirky,1253931216,2009-09-26 02:13:36
128,212,3882,cheerleading,1253932873,2009-09-26 02:41:13
129,212,3882,Eliza Dushku,1253932876,2009-09-26 02:41:16
130,212,3882,Overrated,1253932878,2009-09-26 02:41:18
131,212,4069,standard romantic comedy,1253933882,2009-09-26 02:58:02
132,212,5219,video game adaptation,1253930587,2009-09-26 02:03:07
133,212,5507,play enough video games and you can become an NSA agent,1253930345,2009-09-26 01:59:05
134,212,5507,ridiculous training sequence,1253930342,2009-09-26 01:59:02
135,212,7373,Guillermo del Toro,1253929290,2009-09-26 01:41:30
136,212,7373,steampunk,1253929296,2009-09-26 01:41:36
137,212,7373,superhero,1253929293,2009-09-26 01:41:33
138,212,8861,Oded Fehr,1253930624,2009-09-26 02:03:44
139,212,8861,post-apocalyptic,1253930636,2009-09-26 02:03:56
140,212,8861,Sienna Guillory,1253930633,2009-09-26 02:03:53
141,212,8861,zombies,1253930644,2009-09-26 02:04:04
142,212,8928,Beautiful Woman,1253926735,2009-09-26 00:58:55
143,212,8928,campy,1253926723,2009-09-26 00:58:43
144,212,8928,irreverent,1253926726,2009-09-26 00:58:46
145,212,8928,quirky,1253926728,2009-09-26 00:58:48
146,212,8928,Roman Polanski,1253926730,2009-09-26 00:58:50
147,212,27904,good animation,1253931241,2009-09-26 02:14:01
148,212,27904,interesting concept - bad execution,1253931234,2009-09-26 02:13:54
149,212,27904,surrealism,1253931244,2009-09-26 02:14:04
150,212,34405,aliens,1253928597,2009-09-26 01:29:57
151,212,34405,black comedy,1253928590,2009-09-26 01:29:50
152,212,34405,Firefly,1253928585,2009-09-26 01:29:45
153,212,37733,disappointing,1253929514,2009-09-26 01:45:14
154,212,37733,overrated,1253929532,2009-09-26 01:45:32
155,212,37733,Viggo Mortensen,1253929518,2009-09-26 01:45:18
156,212,48394,dark,1218405627,2008-08-10 22:00:27
157,212,48394,fairytale,1218405627,2008-08-10 22:00:27
158,212,60684,alternate reality,1253926526,2009-09-26 00:55:26
159,212,60684,diluted version of comic,1253926511,2009-09-26 00:55:11
160,212,60684,dystopia,1253926517,2009-09-26 00:55:17
161,212,60684,stylized,1253926519,2009-09-26 00:55:19
162,212,63992,high school,1253932469,2009-09-26 02:34:29
163,212,63992,Kristen Stewart,1253932484,2009-09-26 02:34:44
164,212,63992,Robert Pattinson,1253932481,2009-09-26 02:34:41
165,212,63992,Teen movie,1253932459,2009-09-26 02:34:19
166,212,63992,Vampire Human Love,1253932463,2009-09-26 02:34:23
167,212,64957,adapted from:book,1253929184,2009-09-26 01:39:44
168,212,64957,Aging Disorder,1253929189,2009-09-26 01:39:49
169,212,64957,Brad Pitt,1253929141,2009-09-26 01:39:01
170,212,64957,cinematography,1253929177,2009-09-26 01:39:37
171,212,64957,drama,1253929173,2009-09-26 01:39:33
172,212,64957,original plot,1253929180,2009-09-26 01:39:40
173,212,64957,slow parts,1253929162,2009-09-26 01:39:22
174,212,64957,touching,1253929169,2009-09-26 01:39:29
175,212,66097,alternate universe,1253926354,2009-09-26 00:52:34
176,212,66097,author:Neil Gaiman,1253926328,2009-09-26 00:52:08
177,212,66097,claymation,1253926330,2009-09-26 00:52:10
178,212,66097,Dakota Fanning,1253926349,2009-09-26 00:52:29
179,212,66097,dark,1253926337,2009-09-26 00:52:17
180,212,66097,fairy tale,1253926364,2009-09-26 00:52:44
181,212,66097,Neil Gaiman,1253926360,2009-09-26 00:52:40
182,212,66934,Captain Hammer,1253926165,2009-09-26 00:49:25
183,212,66934,joss whedon,1253926158,2009-09-26 00:49:18
184,212,66934,mad scientist,1253926186,2009-09-26 00:49:46
185,212,66934,musical,1253926178,2009-09-26 00:49:38
186,212,66934,Nathan Fillion,1253926182,2009-09-26 00:49:42
187,212,66934,Neil Patrick Harris,1253926160,2009-09-26 00:49:20
188,212,66934,parody,1253926168,2009-09-26 00:49:28
189,212,68157,Brad Pitt,1253926443,2009-09-26 00:54:03
190,212,68157,ending,1253926451,2009-09-26 00:54:11
191,212,68157,gratuitous violence,1253926429,2009-09-26 00:53:49
192,212,68157,Quentin Tarantino,1253926404,2009-09-26 00:53:24
193,212,68157,satire,1253926435,2009-09-26 00:53:55
194,212,68157,unusual plot structure,1253926417,2009-09-26 00:53:37
195,212,68157,violence,1253926426,2009-09-26 00:53:46
196,212,68157,World War II,1253926408,2009-09-26 00:53:28
197,212,68319,action,1253928934,2009-09-26 01:35:34
198,212,68319,bad plot,1253928950,2009-09-26 01:35:50
199,212,68319,hugh jackman,1253928926,2009-09-26 01:35:26
200,212,68319,superhero,1253928935,2009-09-26 01:35:35
201,212,68319,too long,1253928954,2009-09-26 01:35:54
202,212,69526,bad plot,1253929636,2009-09-26 01:47:16
203,212,69526,robots,1253929657,2009-09-26 01:47:37
204,212,69526,sufficiently explodey to be good,1253929639,2009-09-26 01:47:19
205,212,69712,Abigail Breslin,1260688098,2009-12-13 07:08:18
206,212,69712,ending,1260688053,2009-12-13 07:07:33
207,212,69712,genuine characters,1260688086,2009-12-13 07:08:06
208,212,69712,Jason Patric,1260688105,2009-12-13 07:08:25
209,212,71057,animation style,1253926100,2009-09-26 00:48:20
210,219,46970,funny,1156788918,2006-08-28 18:15:18
211,219,46970,nascar,1156788904,2006-08-28 18:15:04
212,219,46970,will farell,1156788913,2006-08-28 18:15:13
213,219,47640,beer,1156788764,2006-08-28 18:12:44
214,219,47640,guy movie,1156788774,2006-08-28 18:12:54
215,255,6985,breathtaking,1237060605,2009-03-14 19:56:45
216,255,7361,i'd like to live in this movie,1237060140,2009-03-14 19:49:00
217,255,44555,breathtaking,1237060235,2009-03-14 19:50:35
218,257,3030,akira kurosawa,1338084833,2012-05-27 02:13:53
219,257,3030,black comedy,1338084822,2012-05-27 02:13:42
220,277,5618,anime,1463916275,2016-05-22 11:24:35
221,277,5618,children,1463916304,2016-05-22 11:25:04
222,277,5618,fantasy,1463916289,2016-05-22 11:24:49
223,277,5971,fantasy,1463916386,2016-05-22 11:26:26
224,277,5971,feel-good,1463916401,2016-05-22 11:26:41
225,277,82461,bad acting,1463916776,2016-05-22 11:32:56
226,277,82461,bad plot,1463916772,2016-05-22 11:32:52
227,277,104283,anime,1463916484,2016-05-22 11:28:04
228,277,132046,sci-fi,1463916817,2016-05-22 11:33:37
229,294,6754,vampire,1138983469,2006-02-03 16:17:49
230,294,8865,1940's feel,1140395930,2006-02-20 00:38:50
231,294,8865,unique look,1140395930,2006-02-20 00:38:50
232,294,36401,fairy tales,1138983064,2006-02-03 16:11:04
233,297,104,adam sandler,1318706504,2011-10-15 19:21:44
234,297,608,overrated,1318706739,2011-10-15 19:25:39
235,297,1103,overrated,1318706182,2011-10-15 19:16:22
236,297,2502,that fat nerd is just annoying,1318706118,2011-10-15 19:15:18
237,297,8528,seen it before,1318706449,2011-10-15 19:20:49
238,297,47640,Just stupid,1318706536,2011-10-15 19:22:16
239,297,52973,overrated,1318706470,2011-10-15 19:21:10
240,297,55820,overrated,1318706705,2011-10-15 19:25:05
241,297,61024,Exellent first half,1318706053,2011-10-15 19:14:13
242,297,61024,terrible ending,1318706042,2011-10-15 19:14:02
243,297,76251,Gore!!!,1318706275,2011-10-15 19:17:55
244,297,76251,sort of honest,1318706296,2011-10-15 19:18:16
245,297,78209,Lame everything,1318706227,2011-10-15 19:17:07
246,313,153,Ei muista,1168879424,2007-01-15 16:43:44
247,313,293,Ei muista,1168878292,2007-01-15 16:24:52
248,313,434,Ei muista,1168879406,2007-01-15 16:43:26
249,313,494,Ei muista,1168878844,2007-01-15 16:34:04
250,313,593,Katso Sanna!,1146476938,2006-05-01 09:48:58
251,313,745,Ei muista,1146476364,2006-05-01 09:39:24
252,313,780,Ei muista,1168878578,2007-01-15 16:29:38
253,313,858,Katso Sanna!,1146476794,2006-05-01 09:46:34
254,313,1036,Ei muista,1168878388,2007-01-15 16:26:28
255,313,1042,Katso Sanna!,1146477133,2006-05-01 09:52:13
256,313,1120,Katso Sanna!,1146477118,2006-05-01 09:51:58
257,313,1200,Katso Sanna!,1146477102,2006-05-01 09:51:42
258,313,1291,Ei muista,1146476308,2006-05-01 09:38:28
259,313,1610,Katso Sanna!,1146476692,2006-05-01 09:44:52
260,313,1617,Ei muista,1168878593,2007-01-15 16:29:53
261,313,2273,Ei muista,1146477049,2006-05-01 09:50:49
262,313,2329,Ei muista,1146477033,2006-05-01 09:50:33
263,313,2600,Ei muista,1168879003,2007-01-15 16:36:43
264,313,2985,Ei muista,1168878743,2007-01-15 16:32:23
265,313,2989,Ei muista,1168878972,2007-01-15 16:36:12
266,313,3160,Ei muista,1168878736,2007-01-15 16:32:16
267,313,3175,Ei muista,1168879647,2007-01-15 16:47:27
268,313,3499,Ei muista,1168878727,2007-01-15 16:32:07
269,313,3793,Katso Sanna!,1146476954,2006-05-01 09:49:14
270,313,3916,Ei muista,1146476265,2006-05-01 09:37:45
271,313,3949,Ei muista,1168878697,2007-01-15 16:31:37
272,313,3994,Ei muista,1168879611,2007-01-15 16:46:51
273,313,4011,Ei muista,1168878363,2007-01-15 16:26:03
274,313,4023,ei muista,1146477341,2006-05-01 09:55:41
275,313,4121,Katso Sanna!,1146477233,2006-05-01 09:53:53
276,313,4223,Ei muista,1146476274,2006-05-01 09:37:54
277,313,4638,Ei muista,1146477217,2006-05-01 09:53:37
278,313,5064,Ei muista,1146476225,2006-05-01 09:37:05
279,313,5602,Ei muista,1168879553,2007-01-15 16:45:53
280,313,6218,Ei muista,1146477184,2006-05-01 09:53:04
281,313,7347,Ei muista,1168879177,2007-01-15 16:39:37
282,313,8781,Ei muista,1168879161,2007-01-15 16:39:21
283,313,44199,Ei muista,1168878406,2007-01-15 16:26:46
284,314,260,awesome,1437338154,2015-07-19 20:35:54
285,314,260,awesome soundtrack,1437338150,2015-07-19 20:35:50
286,314,260,jedi,1437338139,2015-07-19 20:35:39
287,314,260,space adventure,1437338130,2015-07-19 20:35:30
288,346,741,anime,1159734531,2006-10-01 20:28:51
289,346,924,boring,1159734220,2006-10-01 20:23:40
290,346,924,slow,1159734220,2006-10-01 20:23:40
291,346,1036,explosions,1159734488,2006-10-01 20:28:08
292,346,1199,dystopia,1159734421,2006-10-01 20:27:01
293,346,1274,anime,1159734245,2006-10-01 20:24:05
294,346,2019,long,1159734734,2006-10-01 20:32:14
295,346,2571,sci-fi,1159734634,2006-10-01 20:30:34
296,346,2571,virtual reality,1159734636,2006-10-01 20:30:36
297,346,2924,martial arts,1159734502,2006-10-01 20:28:22
298,346,2997,interesting,1159734363,2006-10-01 20:26:03
299,346,3265,explosions,1159734552,2006-10-01 20:29:12
300,346,3265,martial arts,1159734552,2006-10-01 20:29:12
301,346,3996,martial arts,1159734445,2006-10-01 20:27:25
302,346,4993,long,1159734600,2006-10-01 20:30:00
303,346,5782,explosions,1159734683,2006-10-01 20:31:23
304,346,5782,interesting,1159734683,2006-10-01 20:31:23
305,346,5902,boring,1159734233,2006-10-01 20:23:53
306,346,5952,boring,1159734622,2006-10-01 20:30:22
307,346,5952,long,1159734622,2006-10-01 20:30:22
308,346,6350,anime,1159734417,2006-10-01 20:26:57
309,346,6539,Johnny Depp,1159734656,2006-10-01 20:30:56
310,346,6857,anime,1159734652,2006-10-01 20:30:52
311,346,7022,explosions,1159734326,2006-10-01 20:25:26
312,346,7022,martial arts,1159734467,2006-10-01 20:27:47
313,346,7090,martial arts,1159734555,2006-10-01 20:29:15
314,346,7153,boring,1159734608,2006-10-01 20:30:08
315,346,7153,long,1159734608,2006-10-01 20:30:08
316,346,7361,interesting,1159734515,2006-10-01 20:28:35
317,346,7844,martial arts,1159734589,2006-10-01 20:29:49
318,346,8795,Long,1159734165,2006-10-01 20:22:45
319,346,8874,comedy,1159734745,2006-10-01 20:32:25
320,346,8874,zombies,1159734745,2006-10-01 20:32:25
321,346,8961,super-hero,1159734563,2006-10-01 20:29:23
322,346,26554,apocalypse,1159734706,2006-10-01 20:31:46
323,346,26554,interesting,1159734706,2006-10-01 20:31:46
324,346,26585,explosions,1159734379,2006-10-01 20:26:19
325,346,31878,comedy,1159734584,2006-10-01 20:29:44
326,346,31878,martial arts,1159734584,2006-10-01 20:29:44
327,346,31878,Stephen Chow,1159734584,2006-10-01 20:29:44
328,346,33794,bad camerawork,1159734301,2006-10-01 20:25:01
329,346,33794,slow,1159734301,2006-10-01 20:25:01
330,347,1721,romance,1463337171,2016-05-15 18:32:51
331,347,122886,space,1463337217,2016-05-15 18:33:37
332,347,122886,star,1463337213,2016-05-15 18:33:33
333,353,4721,As historicaly correct as Germany winning WW2,1140389056,2006-02-19 22:44:16
334,353,4721,but still a fun movie.,1140389056,2006-02-19 22:44:16
335,353,7376,"The Rocks ""finest"" work need I say more?",1140389511,2006-02-19 22:51:51
336,353,31221,Try not to mistake this for an episode of Alias,1140389595,2006-02-19 22:53:15
337,353,32025,Mossad,1142686944,2006-03-18 13:02:24
338,353,35836,dumb,1137217440,2006-01-14 05:44:00
339,364,47,biblical,1444534976,2015-10-11 03:42:56
340,364,47,crime,1444534982,2015-10-11 03:43:02
341,364,47,dark,1444534994,2015-10-11 03:43:14
342,364,47,disturbing,1444534971,2015-10-11 03:42:51
343,364,47,greed,1444534998,2015-10-11 03:43:18
344,364,47,horror,1444534981,2015-10-11 03:43:01
345,364,47,serial killer,1444534961,2015-10-11 03:42:41
346,364,47,violent,1444534985,2015-10-11 03:43:05
347,364,50,thriller,1444534932,2015-10-11 03:42:12
348,364,232,aging,1444531181,2015-10-11 02:39:41
349,364,232,Ang Lee,1444531177,2015-10-11 02:39:37
350,364,232,cooking,1444531178,2015-10-11 02:39:38
351,364,232,food,1444531186,2015-10-11 02:39:46
352,364,232,relationships,1444531173,2015-10-11 02:39:33
353,364,293,assassin,1444534872,2015-10-11 03:41:12
354,364,293,hit men,1444534872,2015-10-11 03:41:12
355,364,293,thriller,1444534887,2015-10-11 03:41:27
356,364,318,friendship,1444529800,2015-10-11 02:16:40
357,364,318,Morgan Freeman,1444529792,2015-10-11 02:16:32
358,364,318,narrated,1444529829,2015-10-11 02:17:09
359,364,318,prison,1444529824,2015-10-11 02:17:04
360,364,318,prison escape,1444529820,2015-10-11 02:17:00
361,364,318,revenge,1444529816,2015-10-11 02:16:56
362,364,318,Tim Robbins,1444529804,2015-10-11 02:16:44
363,364,318,wrongful imprisonment,1444529809,2015-10-11 02:16:49
364,364,1176,imaginative,1444528969,2015-10-11 02:02:49
365,364,1176,intellectual,1444528955,2015-10-11 02:02:35
366,364,1176,Irene Jacob,1444528944,2015-10-11 02:02:24
367,364,1176,Krzysztof Kieslowski,1444528941,2015-10-11 02:02:21
368,364,1176,lyrical,1444528947,2015-10-11 02:02:27
369,364,1210,action,1444529881,2015-10-11 02:18:01
370,364,1210,aliens,1444529879,2015-10-11 02:17:59
371,364,1210,George Lucas,1444529892,2015-10-11 02:18:12
372,364,1210,Harrison Ford,1444529867,2015-10-11 02:17:47
373,364,1210,sci-fi,1444529889,2015-10-11 02:18:09
374,364,1210,sequel,1444529879,2015-10-11 02:17:59
375,364,1210,space,1444529864,2015-10-11 02:17:44
376,364,1210,Star Wars,1444529869,2015-10-11 02:17:49
377,364,1210,starship pilots,1444529899,2015-10-11 02:18:19
378,364,1210,war,1444529884,2015-10-11 02:18:04
379,364,1265,alternate reality,1444530190,2015-10-11 02:23:10
380,364,1265,Bill Murray,1444530207,2015-10-11 02:23:27
381,364,1265,character development,1444530216,2015-10-11 02:23:36
382,364,1265,comedy,1444530195,2015-10-11 02:23:15
383,364,1265,existentialism,1444530199,2015-10-11 02:23:19
384,364,1265,feel-good,1444530209,2015-10-11 02:23:29
385,364,1265,funny,1444530200,2015-10-11 02:23:20
386,364,1265,love,1444530219,2015-10-11 02:23:39
387,364,1265,romantic,1444530228,2015-10-11 02:23:48
388,364,1265,self discovery,1444530203,2015-10-11 02:23:23
389,364,1732,great dialogue,1444535166,2015-10-11 03:46:06
390,364,1732,Jeff Bridges,1444535201,2015-10-11 03:46:41
391,364,1732,Nudity (Full Frontal),1444535170,2015-10-11 03:46:10
392,364,1732,off-beat comedy,1444535205,2015-10-11 03:46:45
393,364,1732,quirky,1444535198,2015-10-11 03:46:38
394,364,1732,satirical,1444535172,2015-10-11 03:46:12
395,364,1732,Steve Buscemi,1444535164,2015-10-11 03:46:04
396,364,2068,coming of age,1444530920,2015-10-11 02:35:20
397,364,2068,funny,1444530913,2015-10-11 02:35:13
398,364,2424,bookshop,1444530521,2015-10-11 02:28:41
399,364,2424,happy ending,1444530524,2015-10-11 02:28:44
400,364,2424,Meg Ryan,1444530516,2015-10-11 02:28:36
401,364,2424,Romance,1444530517,2015-10-11 02:28:37
402,364,2424,romantic comedy,1444530529,2015-10-11 02:28:49
403,364,2424,Tom Hanks,1444530527,2015-10-11 02:28:47
404,364,3948,awkward,1444529225,2015-10-11 02:07:05
405,364,4018,creative,1444529752,2015-10-11 02:15:52
406,364,4018,funny,1444529739,2015-10-11 02:15:39
407,364,4018,Helen Hunt,1444529729,2015-10-11 02:15:29
408,364,4018,hilarious,1444529746,2015-10-11 02:15:46
409,364,4018,Mel Gibson,1444529756,2015-10-11 02:15:56
410,364,4018,stereotypes,1444529760,2015-10-11 02:16:00
411,364,4973,beautifully filmed,1444528866,2015-10-11 02:01:06
412,364,4973,comedy,1444528870,2015-10-11 02:01:10
413,364,4973,feel-good,1444528900,2015-10-11 02:01:40
414,364,4973,imagination,1444528880,2015-10-11 02:01:20
415,364,4973,love,1444528875,2015-10-11 02:01:15
416,364,4973,notable soundtrack,1444528857,2015-10-11 02:00:57
417,364,4973,quirky,1444528852,2015-10-11 02:00:52
418,364,4973,whimsical,1444528860,2015-10-11 02:01:00
419,364,5299,comedy,1444529040,2015-10-11 02:04:00
420,364,5299,family,1444529044,2015-10-11 02:04:04
421,364,5299,funny,1444529038,2015-10-11 02:03:58
422,364,6350,aviation,1444531651,2015-10-11 02:47:31
423,364,6350,funny,1444531664,2015-10-11 02:47:44
424,364,6350,imagination,1444531644,2015-10-11 02:47:24
425,364,6350,Studio Ghibli,1444531642,2015-10-11 02:47:22
426,364,6350,visually appealing,1444531647,2015-10-11 02:47:27
427,364,6539,comedy,1444529977,2015-10-11 02:19:37
428,364,6539,Disney,1444529957,2015-10-11 02:19:17
429,364,6539,funny,1444529960,2015-10-11 02:19:20
430,364,6539,johnny depp,1444529962,2015-10-11 02:19:22
431,364,6539,magic,1444529965,2015-10-11 02:19:25
432,364,6539,Orlando Bloom,1444529978,2015-10-11 02:19:38
433,364,6539,pirates,1444529987,2015-10-11 02:19:47
434,364,6539,sword fight,1444529953,2015-10-11 02:19:13
435,364,7161,family,1444535334,2015-10-11 03:48:54
436,364,7161,funny,1444535340,2015-10-11 03:49:00
437,364,7161,Steve Martin,1444535326,2015-10-11 03:48:46
438,364,8464,american idiocy,1444531783,2015-10-11 02:49:43
439,364,8464,documentary,1444531780,2015-10-11 02:49:40
440,364,8464,social criticism,1444531787,2015-10-11 02:49:47
441,364,26614,thriller,1444534834,2015-10-11 03:40:34
442,364,26662,anime,1444530775,2015-10-11 02:32:55
443,364,26662,Hayao Miyazaki,1444530771,2015-10-11 02:32:51
444,364,26662,Studio Ghibli,1444530778,2015-10-11 02:32:58
445,364,27611,military,1444534772,2015-10-11 03:39:32
446,364,27611,sci-fi,1444534765,2015-10-11 03:39:25
447,364,34321,Billy Bob Thornton,1444531424,2015-10-11 02:43:44
448,364,34321,comedy,1444531438,2015-10-11 02:43:58
449,364,34321,cursing,1444531450,2015-10-11 02:44:10
450,364,34321,funny,1444531430,2015-10-11 02:43:50
451,364,34321,redemption,1444531445,2015-10-11 02:44:05
452,364,46578,beauty pageant,1444529380,2015-10-11 02:09:40
453,364,46578,family,1444529368,2015-10-11 02:09:28
454,364,46578,independent film,1444529351,2015-10-11 02:09:11
455,364,46578,off-beat comedy,1444529354,2015-10-11 02:09:14
456,364,46578,quirky,1444529369,2015-10-11 02:09:29
457,364,46578,road trip,1444529384,2015-10-11 02:09:44
458,364,46578,satire,1444529372,2015-10-11 02:09:32
459,364,46578,steve carell,1444529375,2015-10-11 02:09:35
460,364,56367,comedy,1444535241,2015-10-11 03:47:21
461,364,56367,indie,1444535247,2015-10-11 03:47:27
462,364,56367,pregnancy,1444535236,2015-10-11 03:47:16
463,364,56367,teen pregnancy,1444535244,2015-10-11 03:47:24
464,364,56367,witty,1444535238,2015-10-11 03:47:18
465,364,64957,Aging,1444531050,2015-10-11 02:37:30
466,364,64957,Brad Pitt,1444531041,2015-10-11 02:37:21
467,364,64957,original plot,1444531048,2015-10-11 02:37:28
468,364,64957,philosophical,1444531044,2015-10-11 02:37:24
469,364,66934,comedy,1444530699,2015-10-11 02:31:39
470,364,66934,great soundtrack,1444530694,2015-10-11 02:31:34
471,364,66934,mad scientist,1444530688,2015-10-11 02:31:28
472,364,66934,Neil Patrick Harris,1444530691,2015-10-11 02:31:31
473,364,66934,parody,1444530697,2015-10-11 02:31:37
474,364,68358,sci fi,1444530041,2015-10-11 02:20:41
475,364,68358,spock,1444530038,2015-10-11 02:20:38
476,364,68358,Star Trek,1444530030,2015-10-11 02:20:30
477,364,68358,teleportation,1444530045,2015-10-11 02:20:45
478,364,72998,aliens,1444529449,2015-10-11 02:10:49
479,364,72998,graphic design,1444529463,2015-10-11 02:11:03
480,364,72998,predictable,1444529440,2015-10-11 02:10:40
481,364,72998,racism,1444529457,2015-10-11 02:10:57
482,364,72998,sci-fi,1444529439,2015-10-11 02:10:39
483,364,93040,drama,1444530864,2015-10-11 02:34:24
484,364,93040,historical,1444530873,2015-10-11 02:34:33
485,364,93040,interesting,1444530861,2015-10-11 02:34:21
486,364,95441,cocaine,1444529273,2015-10-11 02:07:53
487,364,95441,crude humor,1444529258,2015-10-11 02:07:38
488,364,95441,directorial debut,1444529282,2015-10-11 02:08:02
489,364,95441,Mark Wahlberg,1444529284,2015-10-11 02:08:04
490,364,97938,Ang Lee,1444531076,2015-10-11 02:37:56
491,364,97938,India,1444531086,2015-10-11 02:38:06
492,364,97938,ocean,1444531083,2015-10-11 02:38:03
493,364,97938,visually appealing,1444531077,2015-10-11 02:37:57
494,364,106696,Disney,1444530267,2015-10-11 02:24:27
495,364,106696,feminist,1444530281,2015-10-11 02:24:41
496,364,106696,musical,1444530270,2015-10-11 02:24:30
497,364,106696,storyline,1444530270,2015-10-11 02:24:30
498,364,109249,beautiful scenery,1444529645,2015-10-11 02:14:05
499,364,109249,coming of age,1444529671,2015-10-11 02:14:31
500,364,109249,dark humor,1444529660,2015-10-11 02:14:20
501,364,109249,Fernando E. Solanas,1444529608,2015-10-11 02:13:28
502,364,109249,imaginative,1444529635,2015-10-11 02:13:55
503,364,109249,quirky,1444529613,2015-10-11 02:13:33
504,364,109249,whimsical,1444529629,2015-10-11 02:13:49
505,364,109374,amazing storytelling,1444529104,2015-10-11 02:05:04
506,364,109374,Bill Murray,1444529124,2015-10-11 02:05:24
507,364,109374,cinematography,1444529143,2015-10-11 02:05:43
508,364,109374,eastern europe,1444529119,2015-10-11 02:05:19
509,364,109374,europe,1444529115,2015-10-11 02:05:15
510,364,109374,historical,1444529139,2015-10-11 02:05:39
511,364,109374,on the run,1444529148,2015-10-11 02:05:48
512,364,109374,quirky,1444529109,2015-10-11 02:05:09
513,364,115617,comedy,1444530392,2015-10-11 02:26:32
514,364,115617,Coming of Age,1444530417,2015-10-11 02:26:57
515,364,115617,family,1444530402,2015-10-11 02:26:42
516,364,115617,friends,1444530410,2015-10-11 02:26:50
517,364,115617,funny,1444530394,2015-10-11 02:26:34
518,364,115617,happy ending,1444530413,2015-10-11 02:26:53
519,364,115617,heartwarming,1444528813,2015-10-11 02:00:13
520,364,115617,inspiring,1444530404,2015-10-11 02:26:44
521,364,115617,japanese influence,1444528772,2015-10-11 01:59:32
522,364,115617,pixar,1444530397,2015-10-11 02:26:37
523,364,115617,technology,1444528781,2015-10-11 01:59:41
524,364,118997,comedy,1444530159,2015-10-11 02:22:39
525,364,118997,fairy tale,1444530100,2015-10-11 02:21:40
526,364,118997,funny,1444530106,2015-10-11 02:21:46
527,364,118997,great soundtrack,1444530127,2015-10-11 02:22:07
528,364,118997,imaginative,1444530113,2015-10-11 02:21:53
529,364,118997,meryl streep,1444530142,2015-10-11 02:22:22
530,364,118997,musical,1444530098,2015-10-11 02:21:38
531,364,134853,coming of age,1444530618,2015-10-11 02:30:18
532,364,134853,creative,1444530620,2015-10-11 02:30:20
533,364,134853,happiness,1444530631,2015-10-11 02:30:31
534,364,134853,imaginative,1444530628,2015-10-11 02:30:28
535,364,134853,Pixar,1444530633,2015-10-11 02:30:33
536,377,54290,Why the terrorists hate us,1187054169,2007-08-14 01:16:09
537,380,40614,predictable,1148077862,2006-05-19 22:31:02
538,402,260,coming of age,1443393648,2015-09-27 22:40:48
539,402,260,"space epic, science fiction, hero's journey",1443393664,2015-09-27 22:41:04
540,423,111,cult film,1354033605,2012-11-27 16:26:45
541,423,111,Martin Scorsese,1354033608,2012-11-27 16:26:48
542,423,111,social commentary,1354033602,2012-11-27 16:26:42
543,423,247,stylized,1353702088,2012-11-23 20:21:28
544,423,247,surreal,1353702083,2012-11-23 20:21:23
545,423,247,surrealism,1353702082,2012-11-23 20:21:22
546,423,247,visceral,1353702078,2012-11-23 20:21:18
547,423,745,animation,1354033746,2012-11-27 16:29:06
548,423,1079,dark comedy,1353703178,2012-11-23 20:39:38
549,423,1079,dark humor,1353703182,2012-11-23 20:39:42
550,423,1079,John Cleese,1353703171,2012-11-23 20:39:31
551,423,1079,quirky,1353703185,2012-11-23 20:39:45
552,423,1080,Monty Python,1354033667,2012-11-27 16:27:47
553,423,1089,nonlinear,1354033640,2012-11-27 16:27:20
554,423,1089,organized crime,1354033636,2012-11-27 16:27:16
555,423,1089,Quentin Tarantino,1354033638,2012-11-27 16:27:18
556,423,1219,Alfred Hitchcock,1354033644,2012-11-27 16:27:24
557,423,1219,psychology,1354033646,2012-11-27 16:27:26
558,423,1256,Marx Brothers,1354033718,2012-11-27 16:28:38
559,423,1258,cult film,1354033633,2012-11-27 16:27:13
560,423,1258,psychology,1354033630,2012-11-27 16:27:10
561,423,1729,dark comedy,1354033685,2012-11-27 16:28:05
562,423,2288,disturbing,1354033600,2012-11-27 16:26:40
563,423,2529,post-apocalyptic,1354033650,2012-11-27 16:27:30
564,423,2529,twist ending,1354033653,2012-11-27 16:27:33
565,423,3030,atmospheric,1354033596,2012-11-27 16:26:36
566,423,3546,insanity,1353702162,2012-11-23 20:22:42
567,423,3546,psychological thriller,1353702155,2012-11-23 20:22:35
568,423,5618,atmospheric,1354033628,2012-11-27 16:27:08
569,423,5618,surreal,1354033624,2012-11-27 16:27:04
570,423,5662,Dave Foley,1354033569,2012-11-27 16:26:09
571,423,6287,Adam Sandler,1354044970,2012-11-27 19:36:10
572,423,6713,Satoshi Kon,1354033681,2012-11-27 16:28:01
573,423,8188,elegant,1353701935,2012-11-23 20:18:55
574,423,27592,stylized,1354033620,2012-11-27 16:27:00
575,423,27592,violent,1354033611,2012-11-27 16:26:51
576,423,27773,depressing,1353702390,2012-11-23 20:26:30
577,423,27773,disturbing,1353702357,2012-11-23 20:25:57
578,423,27773,hallucinatory,1353702345,2012-11-23 20:25:45
579,423,27773,paranoid,1353702396,2012-11-23 20:26:36
580,423,27773,revenge,1353702393,2012-11-23 20:26:33
581,423,27773,stylized,1353702395,2012-11-23 20:26:35
582,423,27773,twist ending,1353702400,2012-11-23 20:26:40
583,423,27773,vengeance,1353702404,2012-11-23 20:26:44
584,423,30745,Takashi Miike,1354033711,2012-11-27 16:28:31
585,423,31658,Studio Ghibli,1354033715,2012-11-27 16:28:35
586,423,52885,anime,1354033657,2012-11-27 16:27:37
587,423,55820,coen brothers,1354033663,2012-11-27 16:27:43
588,423,58559,Batman,1354033727,2012-11-27 16:28:47
589,423,67997,british,1354033698,2012-11-27 16:28:18
590,423,67997,politics,1354033700,2012-11-27 16:28:20
591,423,67997,satire,1354033695,2012-11-27 16:28:15
592,431,5,steve martin,1140455432,2006-02-20 17:10:32
593,431,150,tom hanks,1165548454,2006-12-08 03:27:34
594,431,186,hugh grant,1140455419,2006-02-20 17:10:19
595,431,215,ethan hawke,1165548716,2006-12-08 03:31:56
596,431,236,meg ryan,1140455397,2006-02-20 17:09:57
597,431,246,school,1140455370,2006-02-20 17:09:30
598,431,260,classic,1140454408,2006-02-20 16:53:28
599,431,300,Ralph Fiennes,1165548551,2006-12-08 03:29:11
600,431,318,Phenomenal!,1140454312,2006-02-20 16:51:52
601,431,337,Johnny Depp***,1140455226,2006-02-20 17:07:06
602,431,350,overrated,1140455303,2006-02-20 17:08:23
603,431,357,didn't get it,1140455255,2006-02-20 17:07:35
604,431,377,Sandra Bullock,1140454879,2006-02-20 17:01:19
605,431,520,very funny!,1140454299,2006-02-20 16:51:39
606,431,529,jodi foster,1140455238,2006-02-20 17:07:18
607,431,587,sweet,1140455292,2006-02-20 17:08:12
608,431,628,edward norton,1140455195,2006-02-20 17:06:35
609,431,661,creepy good,1140454443,2006-02-20 16:54:03
610,431,904,jimmy stewart,1140455208,2006-02-20 17:06:48
611,431,1059,claire daines,1140455275,2006-02-20 17:07:55
612,431,1059,clever,1140455275,2006-02-20 17:07:55
613,431,1059,Leonardo DiCaprio,1140455275,2006-02-20 17:07:55
614,431,1059,shakespeare,1140455275,2006-02-20 17:07:55
615,431,1242,denzel washington,1140455181,2006-02-20 17:06:21
616,431,1250,war,1140455073,2006-02-20 17:04:33
617,431,1259,r. phoneix,1140455011,2006-02-20 17:03:31
618,431,1291,cool,1140454996,2006-02-20 17:03:16
619,431,1358,billy bob thorton,1140455032,2006-02-20 17:03:52
620,431,1376,not too thrilled,1140455126,2006-02-20 17:05:26
621,431,1517,cheezy to the max!,1140454281,2006-02-20 16:51:21
622,431,1635,moody,1165548220,2006-12-08 03:23:40
623,431,1639,hillarious,1140455102,2006-02-20 17:05:02
624,431,1801,good but not accurate,1140454574,2006-02-20 16:56:14
625,431,1954,stallone,1140455043,2006-02-20 17:04:03
626,431,1956,il,1165548392,2006-12-08 03:26:32
627,431,1956,lake forest,1165548392,2006-12-08 03:26:32
628,431,2004,not worth your time,1140454610,2006-02-20 16:56:50
629,431,2012,liked the other two better,1140455152,2006-02-20 17:05:52
630,431,2019,classic,1140455086,2006-02-20 17:04:46
631,431,2085,cute,1140454548,2006-02-20 16:55:48
632,431,2174,Micheal Keaton,1140454821,2006-02-20 17:00:21
633,431,2369,must see,1140454589,2006-02-20 16:56:29
634,431,2396,colin firth,1165548675,2006-12-08 03:31:15
635,431,2396,Gwenth Paltrow,1165548675,2006-12-08 03:31:15
636,431,2396,joseph fiennes,1165548675,2006-12-08 03:31:15
637,431,2571,philosophy,1140454933,2006-02-20 17:02:13
638,431,2692,cool and great music,1140454393,2006-02-20 16:53:13
639,431,2700,stupidity,1140454856,2006-02-20 17:00:56
640,431,3052,controversial,1140454805,2006-02-20 17:00:05
641,431,3113,stupid,1140455730,2006-02-20 17:15:30
642,431,3114,Tom Hanks,1140454833,2006-02-20 17:00:33
643,431,3260,boring,1140455703,2006-02-20 17:15:03
644,431,3361,tim robbins,1140455685,2006-02-20 17:14:45
645,431,3751,mel gibson,1140454892,2006-02-20 17:01:32
646,431,3785,stupid,1140455743,2006-02-20 17:15:43
647,431,3793,can't stand rogue!,1140454770,2006-02-20 16:59:30
648,431,3893,renee z,1140455496,2006-02-20 17:11:36
649,431,3978,boring,1140455549,2006-02-20 17:12:29
650,431,3994,predictable,1140454952,2006-02-20 17:02:32
651,431,4016,okay,1140454522,2006-02-20 16:55:22
652,431,4041,overrated,1140455478,2006-02-20 17:11:18
653,431,4306,witty!,1140454779,2006-02-20 16:59:39
654,431,4351,keanu reeves,1140455511,2006-02-20 17:11:51
655,431,4369,no desire to see this,1140454634,2006-02-20 16:57:14
656,431,4641,thora birch,1140455465,2006-02-20 17:11:05
657,431,4701,jakie chan,1140455522,2006-02-20 17:12:02
658,431,4823,john cusack,1140455540,2006-02-20 17:12:20
659,431,4890,Gwenth Paltrow,1140455564,2006-02-20 17:12:44
660,431,5064,not by book,1165548741,2006-12-08 03:32:21
661,431,5135,nair,1165548358,2006-12-08 03:25:58
662,431,5349,tobey maguire,1140454907,2006-02-20 17:01:47
663,431,5377,books,1140455343,2006-02-20 17:09:03
664,431,5377,relationships,1140455343,2006-02-20 17:09:03
665,431,5481,mike myers,1140455409,2006-02-20 17:10:09
666,431,5812,moore,1165548495,2006-12-08 03:28:15
667,431,6281,collin farrel,1140455383,2006-02-20 17:09:43
668,431,6539,I loved it! Seen it five times already!,1140454336,2006-02-20 16:52:16
669,431,6953,Benicio Del Toro,1165548439,2006-12-08 03:27:19
670,431,8636,the best comic adaptation!,1140454370,2006-02-20 16:52:50
671,446,65514,kung fu,1436621295,2015-07-11 13:28:15
672,446,65514,martial arts,1436621295,2015-07-11 13:28:15
673,446,65514,well done,1436621295,2015-07-11 13:28:15
674,446,68954,feel good,1436621325,2015-07-11 13:28:45
675,446,68954,light,1436621329,2015-07-11 13:28:49
676,446,88125,dark,1436621257,2015-07-11 13:27:37
677,448,260,sci-fi,1444761481,2015-10-13 18:38:01
678,448,260,supernatural powers,1444761492,2015-10-13 18:38:12
679,450,107649,Alex van Warmerdam,1475737520,2016-10-06 07:05:20
680,450,107649,magical realism,1475737516,2016-10-06 07:05:16
681,450,107649,weird,1475737522,2016-10-06 07:05:22
682,456,3703,action,1432308664,2015-05-22 15:31:04
683,456,3703,desert,1432308674,2015-05-22 15:31:14
684,456,3703,Dieselpunk,1432308755,2015-05-22 15:32:35
685,456,3703,Mel Gibson,1432308659,2015-05-22 15:30:59
686,456,3703,Post apocalyptic,1432308686,2015-05-22 15:31:26
687,456,3703,post-apocalyptic,1432308656,2015-05-22 15:30:56
688,456,44191,dystopia,1432308622,2015-05-22 15:30:22
689,456,44191,thought-provoking,1432308624,2015-05-22 15:30:24
690,456,106473,animation,1432309088,2015-05-22 15:38:08
691,456,106473,anime,1432309076,2015-05-22 15:37:56
692,456,106473,based on a TV show,1432309085,2015-05-22 15:38:05
693,456,106473,fantasy world,1432309090,2015-05-22 15:38:10
694,468,3676,National Film Registry,1296204035,2011-01-28 08:40:35
695,468,5449,Adam Sandler,1296202619,2011-01-28 08:16:59
696,478,55247,adventure,1446622291,2015-11-04 07:31:31
697,478,55247,freedom,1446622248,2015-11-04 07:30:48
698,478,55247,road trip,1446622240,2015-11-04 07:30:40
699,478,55247,self discovery,1446622259,2015-11-04 07:30:59
700,478,55247,travel,1446622390,2015-11-04 07:33:10
701,478,106918,Iceland,1446830144,2015-11-06 17:15:44
702,478,106918,photography,1446830153,2015-11-06 17:15:53
703,478,106918,travel,1446830142,2015-11-06 17:15:42
704,480,8369,who done it,1339456173,2012-06-11 23:09:33
705,480,70286,aliens,1339283926,2012-06-09 23:18:46
706,480,70286,humor,1339283929,2012-06-09 23:18:49
707,480,70286,sci-fi,1339283933,2012-06-09 23:18:53
708,480,70286,violence,1339283935,2012-06-09 23:18:55
709,480,78349,claustrophobic,1339283636,2012-06-09 23:13:56
710,480,78349,experiment,1339283627,2012-06-09 23:13:47
711,480,78349,group psychology,1339283610,2012-06-09 23:13:30
712,480,78349,psychological,1339283617,2012-06-09 23:13:37
713,480,94777,aliens,1339284270,2012-06-09 23:24:30
714,480,94777,franchise,1339284250,2012-06-09 23:24:10
715,480,94777,funny,1339284240,2012-06-09 23:24:00
716,480,94777,time travel,1339284259,2012-06-09 23:24:19
717,481,260,George Lucas,1437000955,2015-07-15 22:55:55
718,481,260,starwars,1437000940,2015-07-15 22:55:40
719,481,1900,brother sister relationship,1437107499,2015-07-17 04:31:39
720,481,1900,sad,1437107475,2015-07-17 04:31:15
721,481,1900,siblings,1437107491,2015-07-17 04:31:31
722,481,2361,cult film,1437105893,2015-07-17 04:04:53
723,481,117533,big brother,1437004053,2015-07-15 23:47:33
724,481,117533,documentary,1437004053,2015-07-15 23:47:33
725,481,117533,privacy,1437004053,2015-07-15 23:47:33
726,501,1,Pixar,1292956344,2010-12-21 18:32:24
727,501,47,psychology,1292956276,2010-12-21 18:31:16
728,501,47,twist ending,1292956362,2010-12-21 18:32:42
729,501,296,dark comedy,1292956439,2010-12-21 18:33:59
730,501,296,Quentin Tarantino,1292956435,2010-12-21 18:33:55
731,501,778,dark comedy,1292956194,2010-12-21 18:29:54
732,501,1089,organized crime,1292956420,2010-12-21 18:33:40
733,501,1089,Quentin Tarantino,1292956416,2010-12-21 18:33:36
734,501,2542,dark comedy,1292956446,2010-12-21 18:34:06
735,501,2542,Guy Ritchie,1292956448,2010-12-21 18:34:08
736,501,2542,organized crime,1292956450,2010-12-21 18:34:10
737,501,2692,nonlinear,1292956226,2010-12-21 18:30:26
738,501,2692,time travel,1292956392,2010-12-21 18:33:12
739,501,2959,dark comedy,1292956481,2010-12-21 18:34:41
740,501,2959,psychology,1292956476,2010-12-21 18:34:36
741,501,2959,twist ending,1292956479,2010-12-21 18:34:39
742,501,3114,animation,1292956346,2010-12-21 18:32:26
743,501,3949,addiction,1292956422,2010-12-21 18:33:42
744,501,3949,psychology,1292956425,2010-12-21 18:33:45
745,501,4011,Guy Ritchie,1292956203,2010-12-21 18:30:03
746,501,4011,twist ending,1292956205,2010-12-21 18:30:05
747,501,5608,psychology,1292956490,2010-12-21 18:34:50
748,501,6016,multiple storylines,1292956518,2010-12-21 18:35:18
749,501,40148,guy ritchie,1292956408,2010-12-21 18:33:28
750,501,47099,based on a true story,1292956431,2010-12-21 18:33:51
751,501,60072,assassin,1292956189,2010-12-21 18:29:49
752,501,62849,Drugs,1292956230,2010-12-21 18:30:30
753,501,62849,Guy Ritchie,1292956234,2010-12-21 18:30:34
754,501,62849,twist ending,1292956236,2010-12-21 18:30:36
755,501,68157,Quentin Tarantino,1292956453,2010-12-21 18:34:13
756,501,74458,psychological,1292956215,2010-12-21 18:30:15
757,501,74458,twist ending,1292956212,2010-12-21 18:30:12
758,501,77455,renegade art,1292956306,2010-12-21 18:31:46
759,501,78499,Pixar,1292956196,2010-12-21 18:29:56
760,501,79132,alternate reality,1292956469,2010-12-21 18:34:29
761,503,260,Science Fiction,1432365802,2015-05-23 07:23:22
762,503,260,space,1432365814,2015-05-23 07:23:34
763,512,74458,Psychological Thriller,1434169401,2015-06-13 04:23:21
764,512,79132,Intrigued,1434169472,2015-06-13 04:24:32
765,520,4322,baseball,1146596187,2006-05-02 18:56:27
766,531,1028,comedy of manners,1243454358,2009-05-27 19:59:18
767,531,1028,Disney,1243454364,2009-05-27 19:59:24
768,531,1028,Disney studios,1243454367,2009-05-27 19:59:27
769,531,1028,Julie Andrews,1243454386,2009-05-27 19:59:46
770,531,1028,multiple roles,1243454371,2009-05-27 19:59:31
771,531,1028,musical,1243454374,2009-05-27 19:59:34
772,531,1028,villain nonexistent or not needed for good story,1243454382,2009-05-27 19:59:42
773,531,1088,80's classic,1243454483,2009-05-27 20:01:23
774,531,1088,dance,1243454500,2009-05-27 20:01:40
775,531,1088,girlie movie,1243454518,2009-05-27 20:01:58
776,531,1088,music,1243454488,2009-05-27 20:01:28
777,531,1088,musical parodies,1243454503,2009-05-27 20:01:43
778,531,1088,rich families,1243454508,2009-05-27 20:01:48
779,531,1258,disturbing,1243454832,2009-05-27 20:07:12
780,531,1258,Nudity (Full Frontal - Notable),1243454840,2009-05-27 20:07:20
781,531,1258,Nudity (Full Frontal),1243454842,2009-05-27 20:07:22
782,531,1258,psychological,1243454846,2009-05-27 20:07:26
783,531,1258,violent,1243454848,2009-05-27 20:07:28
784,531,1997,demons,1243454875,2009-05-27 20:07:55
785,531,1997,horror,1243454878,2009-05-27 20:07:58
786,531,1997,possession,1243454880,2009-05-27 20:08:00
787,531,1997,scary,1243454882,2009-05-27 20:08:02
788,531,2942,dance,1243454447,2009-05-27 20:00:47
789,531,2942,girlie movie,1243454450,2009-05-27 20:00:50
790,531,2942,Nudity (Topless),1243454452,2009-05-27 20:00:52
791,531,2942,strippers,1243454454,2009-05-27 20:00:54
792,531,4973,comedy,1243510202,2009-05-28 11:30:02
793,531,4973,drama,1243510204,2009-05-28 11:30:04
794,531,4973,notable soundtrack,1243510209,2009-05-28 11:30:09
795,531,4973,quirky,1243510212,2009-05-28 11:30:12
796,531,6218,football,1243509668,2009-05-28 11:21:08
797,531,6218,Funny,1243509674,2009-05-28 11:21:14
798,531,6218,Keira Knightley,1243509670,2009-05-28 11:21:10
799,531,6218,love,1243509684,2009-05-28 11:21:24
800,531,6863,funny,1243454300,2009-05-27 19:58:20
801,531,6863,Jack Black,1243454312,2009-05-27 19:58:32
802,531,6863,music,1243454317,2009-05-27 19:58:37
803,531,6863,not only for kids,1243454321,2009-05-27 19:58:41
804,531,6863,Rock,1243454333,2009-05-27 19:58:53
805,531,6863,rock and roll,1243454326,2009-05-27 19:58:46
806,531,6942,british,1243454933,2009-05-27 20:08:53
807,531,6942,christmas,1243454936,2009-05-27 20:08:56
808,531,6942,ensemble cast,1243454939,2009-05-27 20:08:59
809,531,6942,Keira Knightley,1243454943,2009-05-27 20:09:03
810,531,6942,love,1243454946,2009-05-27 20:09:06
811,531,6942,multiple storylines,1243454948,2009-05-27 20:09:08
812,531,6942,Nudity (Topless - Notable),1243454950,2009-05-27 20:09:10
813,531,6942,Nudity (Topless),1243454952,2009-05-27 20:09:12
814,531,6942,Romance,1243454954,2009-05-27 20:09:14
815,531,8533,covers a lifespan,1243455160,2009-05-27 20:12:40
816,531,8533,memories,1243455166,2009-05-27 20:12:46
817,531,35836,comedy,1243454586,2009-05-27 20:03:06
818,531,35836,crude,1243454590,2009-05-27 20:03:10
819,531,35836,funny,1243454588,2009-05-27 20:03:08
820,531,35836,nerds,1243454598,2009-05-27 20:03:18
821,531,35836,Nudity (Topless - Notable),1243454603,2009-05-27 20:03:23
822,531,35836,Nudity (Topless),1243454610,2009-05-27 20:03:30
823,531,35836,sex,1243454608,2009-05-27 20:03:28
824,531,45720,fashion,1243454978,2009-05-27 20:09:38
825,531,45720,New York,1243454980,2009-05-27 20:09:40
826,531,45720,Paris,1243454982,2009-05-27 20:09:42
827,531,45720,Streep strong & funny,1243454985,2009-05-27 20:09:45
828,531,59725,fashion,1243455007,2009-05-27 20:10:07
829,531,59725,New York City,1243455012,2009-05-27 20:10:12
830,531,59725,Nudity (Topless),1243455014,2009-05-27 20:10:14
831,531,59725,R:strong sexual content,1243455020,2009-05-27 20:10:20
832,531,59725,romance,1243455018,2009-05-27 20:10:18
833,531,63131,funny,1243509641,2009-05-28 11:20:41
834,531,63131,obvious plot,1243509645,2009-05-28 11:20:45
835,531,63992,romance,1243455092,2009-05-27 20:11:32
836,531,63992,Teen movie,1243455095,2009-05-27 20:11:35
837,531,63992,vampires,1243455099,2009-05-27 20:11:39
838,531,64957,Brad Pitt,1243455053,2009-05-27 20:10:53
839,531,64957,cinematography,1243455057,2009-05-27 20:10:57
840,531,64957,drama,1243455060,2009-05-27 20:11:00
841,531,64969,easily confused with other movie(s) (title),1243454548,2009-05-27 20:02:28
842,531,64969,funny,1243454556,2009-05-27 20:02:36
843,531,64969,Jim carrey,1243454553,2009-05-27 20:02:33
844,531,64969,Zooey Deschanel,1243454561,2009-05-27 20:02:41
845,546,3176,Gwyneth Paltrow,1301715429,2011-04-02 03:37:09
846,546,3176,Jude Law,1301715415,2011-04-02 03:36:55
847,546,3707,Nudity (Rear),1301284184,2011-03-28 03:49:44
848,546,3707,Nudity (Topless),1301284182,2011-03-28 03:49:42
849,546,3707,sexy food,1301284180,2011-03-28 03:49:40
850,546,5984,BDSM,1301785972,2011-04-02 23:12:52
851,546,5984,Blindfold,1301785976,2011-04-02 23:12:56
852,546,5984,Bondage,1301785990,2011-04-02 23:13:10
853,546,5984,Domination,1301785971,2011-04-02 23:12:51
854,546,5984,Fetish,1301785980,2011-04-02 23:13:00
855,546,5984,Gag,1301785974,2011-04-02 23:12:54
856,546,5984,Spanked,1301785983,2011-04-02 23:13:03
857,546,5984,Submission,1301785988,2011-04-02 23:13:08
858,546,5984,Tied,1301785981,2011-04-02 23:13:01
859,546,5984,Udo Kier,1301785978,2011-04-02 23:12:58
860,546,7155,Nudity (Topless - Notable),1334013574,2012-04-09 23:19:34
861,546,7155,Nudity (Topless),1334013570,2012-04-09 23:19:30
862,546,39421,Nudity (Topless),1334013436,2012-04-09 23:17:16
863,546,39421,porn,1334013433,2012-04-09 23:17:13
864,546,48780,based on a book,1301715225,2011-04-02 03:33:45
865,546,48780,twist ending,1301715231,2011-04-02 03:33:51
866,546,53318,notable nudity,1301196436,2011-03-27 03:27:16
867,546,53318,Nudity (Full Frontal),1301196425,2011-03-27 03:27:05
868,547,215,holes90s,1342849999,2012-07-21 05:53:19
869,547,293,holes90s,1342849862,2012-07-21 05:51:02
870,547,306,holes90s,1342849839,2012-07-21 05:50:39
871,547,319,holes90s,1342849790,2012-07-21 05:49:50
872,547,364,holes90s,1342849955,2012-07-21 05:52:35
873,547,541,afi,1182393913,2007-06-21 02:45:13
874,547,588,holes90s,1342849969,2012-07-21 05:52:49
875,547,599,dvd,1388422564,2013-12-30 16:56:04
876,547,599,holes60s,1388820371,2014-01-04 07:26:11
877,547,757,getdvd,1423201850,2015-02-06 05:50:50
878,547,914,holes60s,1342850735,2012-07-21 06:05:35
879,547,946,holes40s,1412348245,2014-10-03 14:57:25
880,547,954,afi,1182393876,2007-06-21 02:44:36
881,547,1153,tcm,1189187818,2007-09-07 17:56:58
882,547,1172,holes80s,1342849456,2012-07-21 05:44:16
883,547,1197,holes80s,1342849599,2012-07-21 05:46:39
884,547,1209,holes60s,1351319934,2012-10-27 06:38:54
885,547,1211,holes80s,1342849466,2012-07-21 05:44:26
886,547,1232,sightsound,1343973832,2012-08-03 06:03:52
887,547,1245,holes90s,1342849804,2012-07-21 05:50:04
888,547,1260,tcm,1189187750,2007-09-07 17:55:50
889,547,1272,holes70s,1342849087,2012-07-21 05:38:07
890,547,1273,holes80s,1342849477,2012-07-21 05:44:37
891,547,1281,holes40s,1412348178,2014-10-03 14:56:18
892,547,1281,tivo,1476583274,2016-10-16 02:01:14
893,547,1283,afi,1182394030,2007-06-21 02:47:10
894,547,1283,hdtv,1199396362,2008-01-03 21:39:22
895,547,1572,sightsound,1343973703,2012-08-03 06:01:43
896,547,1935,holes40s,1412348396,2014-10-03 14:59:56
897,547,1942,holes40s,1412348211,2014-10-03 14:56:51
898,547,1957,holes80s,1342849494,2012-07-21 05:44:54
899,547,2028,afi,1182394053,2007-06-21 02:47:33
900,547,2028,hdtv,1200784012,2008-01-19 23:06:52
901,547,2028,holes90s,1342849945,2012-07-21 05:52:25
902,547,2109,holes70s,1342849272,2012-07-21 05:41:12
903,547,2178,holes70s,1342849166,2012-07-21 05:39:26
904,547,2182,tcm,1412347392,2014-10-03 14:43:12
905,547,2202,holes40s,1412348261,2014-10-03 14:57:41
906,547,2330,holes90s,1342849749,2012-07-21 05:49:09
907,547,2677,holes90s,1342849900,2012-07-21 05:51:40
908,547,2730,getdvd,1350531508,2012-10-18 03:38:28
909,547,2730,holes70s,1342849220,2012-07-21 05:40:20
910,547,2747,tivo,1476583080,2016-10-16 01:58:00
911,547,2857,holes60s,1342850705,2012-07-21 06:05:05
912,547,2920,getdvd,1412348038,2014-10-03 14:53:58
913,547,2920,holes40s,1412348038,2014-10-03 14:53:58
914,547,2927,holes40s,1412348319,2014-10-03 14:58:39
915,547,2936,afi,1182393939,2007-06-21 02:45:39
916,547,2936,holes40s,1412348275,2014-10-03 14:57:55
917,547,3022,afi,1182393819,2007-06-21 02:43:39
918,547,3089,holes40s,1412348191,2014-10-03 14:56:31
919,547,3111,holes80s,1342849685,2012-07-21 05:48:05
920,547,3246,holes90s,1342849768,2012-07-21 05:49:28
921,547,3384,holes70s,1342849030,2012-07-21 05:37:10
922,547,3415,sightsound,1343973557,2012-08-03 05:59:17
923,547,3498,holes70s,1342849114,2012-07-21 05:38:34
924,547,3539,tivo,1476583329,2016-10-16 02:02:09
925,547,3629,afi,1182433856,2007-06-21 13:50:56
926,547,3629,hdtv,1200784036,2008-01-19 23:07:16
927,547,3632,holes40s,1412348295,2014-10-03 14:58:15
928,547,3634,getdvd,1418986019,2014-12-19 10:46:59
929,547,3634,holes60s,1418986015,2014-12-19 10:46:55
930,547,3671,holes70s,1342849229,2012-07-21 05:40:29
931,547,3679,holes80s,1342849435,2012-07-21 05:43:55
932,547,3742,sightsound,1343973400,2012-08-03 05:56:40
933,547,3789,holes60s,1342850721,2012-07-21 06:05:21
934,547,3811,holes80s,1342849524,2012-07-21 05:45:24
935,547,3947,holes70s,1431088744,2015-05-08 12:39:04
936,547,4103,holes80s,1342849627,2012-07-21 05:47:07
937,547,4262,holes80s,1342849544,2012-07-21 05:45:44
938,547,4326,holes80s,1342849552,2012-07-21 05:45:52
939,547,4327,holes60s,1342850801,2012-07-21 06:06:41
940,547,4437,holes70s,1342849298,2012-07-21 05:41:38
941,547,4712,holes70s,1342849242,2012-07-21 05:40:42
942,547,4763,getdvd,1471010946,2016-08-12 14:09:06
943,547,4928,holes70s,1342849195,2012-07-21 05:39:55
944,547,5169,tcm,1189187923,2007-09-07 17:58:43
945,547,5198,holes80s,1342849514,2012-07-21 05:45:14
946,547,5289,tcm,1189187738,2007-09-07 17:55:38
947,547,5464,holes00s,1342850481,2012-07-21 06:01:21
948,547,5747,holes80s,1342849443,2012-07-21 05:44:03
949,547,5791,holes00s,1342850231,2012-07-21 05:57:11
950,547,5795,tosee,1475705682,2016-10-05 22:14:42
951,547,5956,dvd,1259388129,2009-11-28 06:02:09
952,547,6229,holes70s,1342849313,2012-07-21 05:41:53
953,547,6433,sightsound,1343973308,2012-08-03 05:55:08
954,547,6515,tcm,1190475823,2007-09-22 15:43:43
955,547,6643,sightsound,1343973230,2012-08-03 05:53:50
956,547,6783,sightsound,1343973251,2012-08-03 05:54:11
957,547,6830,tcm,1190475890,2007-09-22 15:44:50
958,547,6874,holes00s,1342850598,2012-07-21 06:03:18
959,547,6981,sightsound,1343973754,2012-08-03 06:02:34
960,547,6983,holes40s,1412348440,2014-10-03 15:00:40
961,547,6985,sightsound,1343973328,2012-08-03 05:55:28
962,547,7195,tcm,1189187983,2007-09-07 17:59:43
963,547,7243,afi,1182394001,2007-06-21 02:46:41
964,547,7243,hdtv,1200784002,2008-01-19 23:06:42
965,547,7335,tcm,1189187908,2007-09-07 17:58:28
966,547,7438,holes00s,1342850493,2012-07-21 06:01:33
967,547,7792,holes70s,1342849103,2012-07-21 05:38:23
968,547,7926,getdvd,1412347952,2014-10-03 14:52:32
969,547,8125,afi,1182393855,2007-06-21 02:44:15
970,547,8128,holes80s,1342849418,2012-07-21 05:43:38
971,547,8154,holes60s,1342850820,2012-07-21 06:07:00
972,547,8195,sightsound,1343973620,2012-08-03 06:00:20
973,547,8207,holes70s,1342849135,2012-07-21 05:38:55
974,547,8236,tcm,1190475838,2007-09-22 15:43:58
975,547,8494,dvd,1254390631,2009-10-01 09:50:31
976,547,8584,tivo,1476583430,2016-10-16 02:03:50
977,547,8645,holes00s,1342850358,2012-07-21 05:59:18
978,547,8751,tcm,1189187687,2007-09-07 17:54:47
979,547,8765,tcm,1189187626,2007-09-07 17:53:46
980,547,8766,tcm,1189187878,2007-09-07 17:57:58
981,547,8767,tcm,1189187947,2007-09-07 17:59:07
982,547,25805,sightsound,1343973445,2012-08-03 05:57:25
983,547,25927,holes40s,1412348360,2014-10-03 14:59:20
984,547,25927,tcm,1189187934,2007-09-07 17:58:54
985,547,26150,sightsound,1343973817,2012-08-03 06:03:37
986,547,26151,sightsound,1343973505,2012-08-03 05:58:25
987,547,26366,holes70s,1342849254,2012-07-21 05:40:54
988,547,31770,tcm,1189187673,2007-09-07 17:54:33
989,547,34517,tivo,1476583581,2016-10-16 02:06:21
990,547,37741,toplist05,1378985294,2013-09-12 11:28:14
991,547,38304,toplist05,1378985376,2013-09-12 11:29:36
992,547,39183,toplist05,1334343486,2012-04-13 18:58:06
993,547,40629,toplist05,1378985440,2013-09-12 11:30:40
994,547,40819,toplist05,1378985328,2013-09-12 11:28:48
995,547,41585,tcm,1189187574,2007-09-07 17:52:54
996,547,41863,toplist06,1197165976,2007-12-09 02:06:16
997,547,41997,hdtv,1200107294,2008-01-12 03:08:14
998,547,41997,holes00s,1342850302,2012-07-21 05:58:22
999,547,42217,sightsound,1343973482,2012-08-03 05:58:02
1000,547,44199,toplist06,1197165844,2007-12-09 02:04:04
1001,547,44555,toplist06,1235048573,2009-02-19 13:02:53
1002,547,45028,toplist06,1197165941,2007-12-09 02:05:41
1003,547,45210,toplist06,1198810519,2007-12-28 02:55:19
1004,547,46578,toplist06,1197165894,2007-12-09 02:04:54
1005,547,46664,holes40s,1412348651,2014-10-03 15:04:11
1006,547,46664,tcm,1412348651,2014-10-03 15:04:11
1007,547,46723,toplist06,1197165832,2007-12-09 02:03:52
1008,547,47099,toplist06,1197164385,2007-12-09 01:39:45
1009,547,47274,holes70s,1342849207,2012-07-21 05:40:07
1010,547,47423,toplist06,1197164296,2007-12-09 01:38:16
1011,547,47629,toplist06,1197165707,2007-12-09 02:01:47
1012,547,48394,hdtv,1200549984,2008-01-17 06:06:24
1013,547,48394,holes00s,1342850387,2012-07-21 05:59:47
1014,547,48516,toplist06,1197165676,2007-12-09 02:01:16
1015,547,48696,toplist06,1197165862,2007-12-09 02:04:22
1016,547,48738,toplist06,1197164312,2007-12-09 01:38:32
1017,547,48774,toplist06,1197165663,2007-12-09 02:01:03
1018,547,49824,toplist06,1197165695,2007-12-09 02:01:35
1019,547,49917,toplist06,1268555186,2010-03-14 08:26:26
1020,547,50068,holes00s,1342850218,2012-07-21 05:56:58
1021,547,51540,toplist07,1192323038,2007-10-14 00:50:38
1022,547,52241,toplist07,1197122754,2007-12-08 14:05:54
1023,547,52281,hdtv,1200875555,2008-01-21 00:32:35
1024,547,52281,holes00s,1342850259,2012-07-21 05:57:39
1025,547,52579,getdvd,1471606640,2016-08-19 11:37:20
1026,547,52967,toplist07,1197313756,2007-12-10 19:09:16
1027,547,53000,toplist07,1198811122,2007-12-28 03:05:22
1028,547,53123,toplist07,1187738100,2007-08-21 23:15:00
1029,547,53894,toplist07,1197122145,2007-12-08 13:55:45
1030,547,53953,getdvd,1467870755,2016-07-07 05:52:35
1031,547,54272,toplist07,1187738146,2007-08-21 23:15:46
1032,547,54286,toplist07,1197122822,2007-12-08 14:07:02
1033,547,54513,toplist07,1187737659,2007-08-21 23:07:39
1034,547,54881,toplist07,1268555304,2010-03-14 08:28:24
1035,547,55052,toplist07,1197122048,2007-12-08 13:54:08
1036,547,55063,toplist08,1228486494,2008-12-05 14:14:54
1037,547,55069,holes00s,1472570165,2016-08-30 15:16:05
1038,547,55069,toplist07,1301765688,2011-04-02 17:34:48
1039,547,55118,toplist07,1197121987,2007-12-08 13:53:07
1040,547,55247,toplist07,1197121953,2007-12-08 13:52:33
1041,547,55253,toplist07,1268555286,2010-03-14 08:28:06
1042,547,55269,toplist07,1197122030,2007-12-08 13:53:50
1043,547,55276,toplist07,1195959915,2007-11-25 03:05:15
1044,547,55280,holes00s,1342850401,2012-07-21 06:00:01
1045,547,55363,getdvd,1412346850,2014-10-03 14:34:10
1046,547,55363,holes00s,1342850280,2012-07-21 05:58:00
1047,547,55442,holes00s,1342850172,2012-07-21 05:56:12
1048,547,55442,toplist07,1268555437,2010-03-14 08:30:37
1049,547,55820,toplist07,1197121965,2007-12-08 13:52:45
1050,547,55946,tivo,1476113630,2016-10-10 15:33:50
1051,547,56015,tcm,1412347417,2014-10-03 14:43:37
1052,547,56152,toplist07,1198811180,2007-12-28 03:06:20
1053,547,56286,toplist07,1268555500,2010-03-14 08:31:40
1054,547,56367,toplist07,1198968553,2007-12-29 22:49:13
1055,547,56607,toplist07,1200334592,2008-01-14 18:16:32
1056,547,56782,toplist07,1200334609,2008-01-14 18:16:49
1057,547,56788,toplist07,1201665448,2008-01-30 03:57:28
1058,547,56805,toplist07,1198968631,2007-12-29 22:50:31
1059,547,57669,toplist08,1250738298,2009-08-20 03:18:18
1060,547,58191,toplist08,1223243755,2008-10-05 21:55:55
1061,547,58879,toplist08,1207957343,2008-04-11 23:42:23
1062,547,60069,toplist08,1230814631,2009-01-01 12:57:11
1063,547,60766,toplist08,1223243682,2008-10-05 21:54:42
1064,547,61024,toplist08,1223243801,2008-10-05 21:56:41
1065,547,61236,holes00s,1342850181,2012-07-21 05:56:21
1066,547,61236,toplist08,1230870494,2009-01-02 04:28:14
1067,547,61240,holes00s,1342850379,2012-07-21 05:59:39
1068,547,61240,toplist08,1230814624,2009-01-01 12:57:04
1069,547,61323,toplist08,1223244145,2008-10-05 22:02:25
1070,547,61357,toplist08,1222269690,2008-09-24 15:21:30
1071,547,63082,toplist08,1228486518,2008-12-05 14:15:18
1072,547,63876,toplist08,1230814303,2009-01-01 12:51:43
1073,547,64614,toplist08,1250440712,2009-08-16 16:38:32
1074,547,64620,toplist08,1230814286,2009-01-01 12:51:26
1075,547,64622,toplist08,1230942216,2009-01-03 00:23:36
1076,547,64701,toplist08,1230869509,2009-01-02 04:11:49
1077,547,64839,toplist08,1236951337,2009-03-13 13:35:37
1078,547,66665,toplist09,1253860576,2009-09-25 06:36:16
1079,547,67087,toplist09,1259384470,2009-11-28 05:01:10
1080,547,67255,toplist10,1270485757,2010-04-05 16:42:37
1081,547,67429,toplist08,1238823068,2009-04-04 05:31:08
1082,547,67665,getdvd,1321564884,2011-11-17 21:21:24
1083,547,67665,toplist09,1250742907,2009-08-20 04:35:07
1084,547,67997,toplist09,1250742829,2009-08-20 04:33:49
1085,547,68157,toplist09,1253860562,2009-09-25 06:36:02
1086,547,68954,holes00s,1342850438,2012-07-21 06:00:38
1087,547,69481,toplist09,1250742859,2009-08-20 04:34:19
1088,547,70286,toplist09,1250742877,2009-08-20 04:34:37
1089,547,70293,toplist09,1253860588,2009-09-25 06:36:28
1090,547,71108,toplist09,1292047039,2010-12-11 05:57:19
1091,547,71464,toplist09,1259383811,2009-11-28 04:50:11
1092,547,71745,toplist09,1259383809,2009-11-28 04:50:09
1093,547,72011,toplist09,1262145753,2009-12-30 04:02:33
1094,547,72131,toplist09,1257694906,2009-11-08 15:41:46
1095,547,72176,tivo,1476113567,2016-10-10 15:32:47
1096,547,72226,toplist09,1259383836,2009-11-28 04:50:36
1097,547,72395,toplist09,1262146022,2009-12-30 04:07:02
1098,547,72720,toplist09,1271429973,2010-04-16 14:59:33
1099,547,72741,tivo,1476113594,2016-10-10 15:33:14
1100,547,73023,toplist09,1267280510,2010-02-27 14:21:50
1101,547,74324,toplist10,1312868042,2011-08-09 05:34:02
1102,547,74458,toplist10,1276350948,2010-06-12 13:55:48
1103,547,74545,toplist10,1276350928,2010-06-12 13:55:28
1104,547,77455,getdvd,1446815214,2015-11-06 13:06:54
1105,547,77455,toplist10,1292077803,2010-12-11 14:30:03
1106,547,78039,toplist10,1296798992,2011-02-04 05:56:32
1107,547,78499,toplist10,1293381435,2010-12-26 16:37:15
1108,547,78574,toplist10,1281363877,2010-08-09 14:24:37
1109,547,78653,toplist09,1277386636,2010-06-24 13:37:16
1110,547,79132,toplist10,1279986154,2010-07-24 15:42:34
1111,547,79242,toplist10,1281363890,2010-08-09 14:24:50
1112,547,80463,toplist10,1287199615,2010-10-16 03:26:55
1113,547,80489,toplist10,1294976085,2011-01-14 03:34:45
1114,547,81562,toplist10,1292077909,2010-12-11 14:31:49
1115,547,81591,toplist10,1296799009,2011-02-04 05:56:49
1116,547,81786,getdvd,1468248495,2016-07-11 14:48:15
1117,547,81786,toplist11,1312868144,2011-08-09 05:35:44
1118,547,81845,toplist10,1296798962,2011-02-04 05:56:02
1119,547,81932,toplist10,1296799034,2011-02-04 05:57:14
1120,547,82313,tivo,1476650744,2016-10-16 20:45:44
1121,547,82459,toplist10,1296798978,2011-02-04 05:56:18
1122,547,82463,toplist10,1299563653,2011-03-08 05:54:13
1123,547,83976,toplist11,1328012694,2012-01-31 12:24:54
1124,547,85394,toplist11,1312868243,2011-08-09 05:37:23
1125,547,86320,toplist11,1317998755,2011-10-07 14:45:55
1126,547,86833,toplist11,1312868088,2011-08-09 05:34:48
1127,547,87304,toplist11,1312868078,2011-08-09 05:34:38
1128,547,88129,toplist11,1322848734,2011-12-02 17:58:54
1129,547,88235,toplist11,1322849030,2011-12-02 18:03:50
1130,547,88810,toplist11,1322894457,2011-12-03 06:40:57
1131,547,89260,toplist11,1329513993,2012-02-17 21:26:33
1132,547,89470,toplist11,1317998768,2011-10-07 14:46:08
1133,547,89492,toplist11,1317998745,2011-10-07 14:45:45
1134,547,89759,toplist11,1327491628,2012-01-25 11:40:28
1135,547,89804,toplist11,1322848784,2011-12-02 17:59:44
1136,547,90057,toplist11,1322848999,2011-12-02 18:03:19
1137,547,90376,toplist11,1327491698,2012-01-25 11:41:38
1138,547,90439,toplist11,1332487973,2012-03-23 07:32:53
1139,547,90531,toplist11,1327491714,2012-01-25 11:41:54
1140,547,90866,toplist11,1327491687,2012-01-25 11:41:27
1141,547,91077,toplist11,1322848957,2011-12-02 18:02:37
1142,547,94931,toplist12,1355599327,2012-12-15 19:22:07
1143,547,94959,toplist12,1342275142,2012-07-14 14:12:22
1144,547,94969,getdvd,1409381147,2014-08-30 06:45:47
1145,547,95135,toplist12,1354966882,2012-12-08 11:41:22
1146,547,95449,toplist12,1356967567,2012-12-31 15:26:07
1147,547,95558,toplist12,1348198533,2012-09-21 03:35:33
1148,547,95761,dvd,1387360646,2013-12-18 09:57:26
1149,547,96417,dvd,1367718836,2013-05-05 01:53:56
1150,547,96588,toplist12,1355599298,2012-12-15 19:21:38
1151,547,96610,dvd,1361888026,2013-02-26 14:13:46
1152,547,96610,toplist12,1354966811,2012-12-08 11:40:11
1153,547,96728,toplist12,1355599008,2012-12-15 19:16:48
1154,547,96811,toplist12,1356623017,2012-12-27 15:43:37
1155,547,96832,dvd,1369217683,2013-05-22 10:14:43
1156,547,96832,toplist12,1356409181,2012-12-25 04:19:41
1157,547,97304,toplist12,1353063038,2012-11-16 10:50:38
1158,547,97673,toplist13,1383626018,2013-11-05 04:33:38
1159,547,97752,toplist12,1354966835,2012-12-08 11:40:35
1160,547,97921,toplist12,1354966859,2012-12-08 11:40:59
1161,547,97923,toplist12,1356623118,2012-12-27 15:45:18
1162,547,97938,toplist12,1354966894,2012-12-08 11:41:34
1163,547,98154,toplist12,1354966827,2012-12-08 11:40:27
1164,547,98961,toplist12,1355938883,2012-12-19 17:41:23
1165,547,99114,toplist12,1357543606,2013-01-07 07:26:46
1166,547,99149,toplist12,1356273884,2012-12-23 14:44:44
1167,547,101285,getdvd,1386729453,2013-12-11 02:37:33
1168,547,101525,toplist12,1386245688,2013-12-05 12:14:48
1169,547,101895,toplist13,1383626036,2013-11-05 04:33:56
1170,547,102194,toplist13,1386658060,2013-12-10 06:47:40
1171,547,102469,getdvd,1387083948,2013-12-15 05:05:48
1172,547,103107,toplist13,1396017727,2014-03-28 14:42:07
1173,547,103372,toplist13,1383625950,2013-11-05 04:32:30
1174,547,103449,dvd,1378132522,2013-09-02 14:35:22
1175,547,103624,toplist13,1388209512,2013-12-28 05:45:12
1176,547,103688,dvd,1472303875,2016-08-27 13:17:55
1177,547,105197,toplist13,1386657913,2013-12-10 06:45:13
1178,547,105355,toplist13,1397129838,2014-04-10 11:37:18
1179,547,105504,toplist13,1386245656,2013-12-05 12:14:16
1180,547,106100,toplist13,1389766232,2014-01-15 06:10:32
1181,547,106766,toplist13,1386658220,2013-12-10 06:50:20
1182,547,106916,toplist13,1386657846,2013-12-10 06:44:06
1183,547,106920,toplist13,1386657798,2013-12-10 06:43:18
1184,547,107141,toplist13,1386946018,2013-12-13 14:46:58
1185,547,107636,tivo,1476583144,2016-10-16 01:59:04
1186,547,109374,toplist14,1402760218,2014-06-14 15:36:58
1187,547,110871,getdvd,1399051398,2014-05-02 17:23:18
1188,547,111249,getdvd,1423194272,2015-02-06 03:44:32
1189,547,111251,dvd,1410947141,2014-09-17 09:45:41
1190,547,111251,toplist14,1446283752,2015-10-31 09:29:12
1191,547,111505,getdvd,1400501925,2014-05-19 12:18:45
1192,547,111622,toplist14,1420131617,2015-01-01 17:00:17
1193,547,112070,tivo,1476113970,2016-10-10 15:39:30
1194,547,112183,toplist14,1416281804,2014-11-18 03:36:44
1195,547,112290,toplist14,1411137921,2014-09-19 14:45:21
1196,547,112515,getdvd,1423194952,2015-02-06 03:55:52
1197,547,112515,toplist14,1418485385,2014-12-13 15:43:05
1198,547,112550,getdvd,1470238109,2016-08-03 15:28:29
1199,547,112552,toplist14,1417010184,2014-11-26 13:56:24
1200,547,112556,toplist14,1412347244,2014-10-03 14:40:44
1201,547,112852,toplist14,1407510485,2014-08-08 15:08:05
1202,547,113064,getdvd,1423194143,2015-02-06 03:42:23
1203,547,114254,getdvd,1450365156,2015-12-17 15:12:36
1204,547,114342,toplist14,1417010271,2014-11-26 13:57:51
1205,547,114459,getdvd,1412474417,2014-10-05 02:00:17
1206,547,114662,toplist14,1423131235,2015-02-05 10:13:55
1207,547,115139,tcm,1413426713,2014-10-16 02:31:53
1208,547,115569,toplist14,1431187332,2015-05-09 16:02:12
1209,547,115713,toplist15,1446211131,2015-10-30 13:18:51
1210,547,116161,toplist14,1417010500,2014-11-26 14:01:40
1211,547,116797,toplist14,1425780053,2015-03-08 02:00:53
1212,547,117176,toplist14,1417010208,2014-11-26 13:56:48
1213,547,117533,dvd,1473748292,2016-09-13 06:31:32
1214,547,117533,getdvd,1446815098,2015-11-06 13:04:58
1215,547,117533,toplist14,1417010466,2014-11-26 14:01:06
1216,547,118700,getdvd,1446815138,2015-11-06 13:05:38
1217,547,118700,toplist14,1423224182,2015-02-06 12:03:02
1218,547,118880,getdvd,1449757705,2015-12-10 14:28:25
1219,547,118880,toplist14,1449757002,2015-12-10 14:16:42
1220,547,122882,getdvd,1470112098,2016-08-02 04:28:18
1221,547,122882,toplist15,1449755519,2015-12-10 13:51:59
1222,547,123663,tivo,1476583542,2016-10-16 02:05:42
1223,547,123695,tivo,1476583459,2016-10-16 02:04:19
1224,547,127108,tivo,1476583101,2016-10-16 01:58:21
1225,547,127108,toplist15,1449756138,2015-12-10 14:02:18
1226,547,127114,toplist15,1449756046,2015-12-10 14:00:46
1227,547,127144,tivo,1476583306,2016-10-16 02:01:46
1228,547,127206,getdvd,1470111984,2016-08-02 04:26:24
1229,547,127212,tivo,1476113822,2016-10-10 15:37:02
1230,547,128235,tivo,1476583410,2016-10-16 02:03:30
1231,547,128360,toplist15,1449755822,2015-12-10 13:57:02
1232,547,128512,getdvd,1470112064,2016-08-02 04:27:44
1233,547,128606,toplist15,1468592921,2016-07-15 14:28:41
1234,547,131796,tivo,1476583367,2016-10-16 02:02:47
1235,547,132458,tivo,1476583517,2016-10-16 02:05:17
1236,547,132547,dvd,1473748244,2016-09-13 06:30:44
1237,547,132549,tivo,1476583387,2016-10-16 02:03:07
1238,547,132800,getdvd,1454164221,2016-01-30 14:30:21
1239,547,133645,toplist15,1449754606,2015-12-10 13:36:46
1240,547,133771,getdvd,1470111738,2016-08-02 04:22:18
1241,547,134130,toplist15,1446210938,2015-10-30 13:15:38
1242,547,134853,toplist15,1446211185,2015-10-30 13:19:45
1243,547,134859,getdvd,1470111811,2016-08-02 04:23:31
1244,547,134859,toplist15,1449755731,2015-12-10 13:55:31
1245,547,134881,toplist15,1446283359,2015-10-31 09:22:39
1246,547,137337,toplist15,1446211164,2015-10-30 13:19:24
1247,547,139385,toplist15,1449755171,2015-12-10 13:46:11
1248,547,139642,tivo,1476583038,2016-10-16 01:57:18
1249,547,140174,toplist15,1446211303,2015-10-30 13:21:43
1250,547,140715,tivo,1476583167,2016-10-16 01:59:27
1251,547,140725,tivo,1476583059,2016-10-16 01:57:39
1252,547,141749,toplist15,1468077718,2016-07-09 15:21:58
1253,547,142488,toplist15,1449754627,2015-12-10 13:37:07
1254,547,143385,toplist15,1446211337,2015-10-30 13:22:17
1255,547,144172,bkk,1472400655,2016-08-28 16:10:55
1256,547,146656,toplist15,1449755899,2015-12-10 13:58:19
1257,547,148482,tivo,1476583253,2016-10-16 02:00:53
1258,547,148626,toplist15,1449755637,2015-12-10 13:53:57
1259,547,155064,bkk,1472179444,2016-08-26 02:44:04
1260,547,156387,toplist16,1467946629,2016-07-08 02:57:09
1261,547,158783,bkk,1466133970,2016-06-17 03:26:10
1262,547,160954,bkk,1472178574,2016-08-26 02:29:34
1263,547,161336,getdvd,1469112392,2016-07-21 14:46:32
1264,547,161582,bkk,1472737430,2016-09-01 13:43:50
1265,547,163056,bkk,1472178747,2016-08-26 02:32:27
1266,547,163949,toplist16,1476419254,2016-10-14 04:27:34
1267,547,164977,tivo,1476113746,2016-10-10 15:35:46
1268,547,164979,tivo,1476113908,2016-10-10 15:38:28
1269,567,138610,found footage,1436827601,2015-07-13 22:46:41
1270,567,138610,survival horror,1436827612,2015-07-13 22:46:52
1271,574,47044,Michael Mann,1232812787,2009-01-24 15:59:47
1272,583,112552,determination,1430526450,2015-05-02 00:27:30
1273,583,112552,devotion,1430526450,2015-05-02 00:27:30
1274,583,112552,music,1430526450,2015-05-02 00:27:30
1275,599,66203,honest,1344134759,2012-08-05 02:45:59
1276,599,82152,alex pettyfer,1306109318,2011-05-23 00:08:38
1277,611,105504,hijacking,1471521058,2016-08-18 11:50:58
1278,611,105504,ocean,1471521036,2016-08-18 11:50:36
1279,611,105504,pirates,1471521067,2016-08-18 11:51:07
1280,611,105504,suspense,1471521044,2016-08-18 11:50:44
1281,615,111384,revenge,1408781036,2014-08-23 08:03:56
1282,615,111384,vengeance,1408781025,2014-08-23 08:03:45
1283,615,111931,femme-fatale,1425503802,2015-03-04 21:16:42
1284,615,111931,gritty,1425503802,2015-03-04 21:16:42
1285,615,111931,low-budget,1425503802,2015-03-04 21:16:42
1286,630,260,classic sci-fi,1443807766,2015-10-02 17:42:46
1287,630,260,series,1443807803,2015-10-02 17:43:23
1288,652,146501,gay,1449533216,2015-12-08 00:06:56
1289,660,260,"imaginary world, characters, story, philosophical",1436680217,2015-07-12 05:50:17
1290,660,260,script,1436680177,2015-07-12 05:49:37
1291,660,135518,meaning of life,1436680885,2015-07-12 06:01:25
1292,660,135518,philosophical,1436680885,2015-07-12 06:01:25
1293,660,135518,sci-fi,1436680885,2015-07-12 06:01:25
1294,663,260,action,1438398078,2015-08-01 03:01:18
1295,663,260,Syfy,1438398050,2015-08-01 03:00:50
